{
  "final_value": 630842.033513607,
  "max_drawdown": 0.2510712720781882,
  "n_orders": 9,
  "n_reduce": 0,
  "n_zero": 0,
  "n_quarantine_events": 0
}