{
  "final_value": 503264.5266454989,
  "max_drawdown": 0.2757547207213414,
  "n_orders": 125,
  "n_reduce": 0,
  "n_zero": 58,
  "n_quarantine_events": 58,
  "n_skip_sell_no_position": 0
}