{
  "final_value": 7.850409018797429e+21,
  "max_drawdown": 0.042498396485388765,
  "n_orders": 1373,
  "n_reduce": 2036,
  "n_zero": 319,
  "n_quarantine_events": 319
}