{
  "start_equity_brl": 500000.0,
  "end_equity_brl": 541533.0553856922,
  "total_return": 0.08306611077138437,
  "max_drawdown": 0.0,
  "trading_days": 799
}