{
  "final_value": 97813977408.29524,
  "max_drawdown": 0.10154083864702747,
  "n_orders": 261,
  "n_reduce": 178,
  "n_zero": 68,
  "n_quarantine_events": 68
}