{
  "final_value": 2.256939935855919e+16,
  "max_drawdown": 0.07614240354857303,
  "n_orders": 888,
  "n_reduce": 572,
  "n_zero": 230,
  "n_quarantine_events": 230
}